1,Debbie,Medendorp,dmedendorp0@si.edu,Female,133.66.174.170
2,Lorene,Moring,lmoring1@wufoo.com,Female,238.65.75.24
3,Aimil,Butler-Bowdon,abutlerbowdon2@slideshare.net,Female,109.239.229.74
4,Maryann,O'Looney,molooney3@house.gov,Female,132.167.84.193
5,Constantia,Gledstane,cgledstane4@theguardian.com,Female,63.16.164.224
6,Chad,Penhale,cpenhale5@independent.co.uk,Female,31.231.25.15
7,Esdras,Peace,epeace6@artisteer.com,Male,84.134.208.12
8,Geraldine,Lilburne,glilburne7@timesonline.co.uk,Female,42.17.127.209
9,Brand,Standbrooke,bstandbrooke8@admin.ch,Male,249.70.32.248
10,Arv,Giacomuzzo,agiacomuzzo9@cargocollective.com,Male,49.109.134.162
11,Farand,Kovalski,fkovalskia@diigo.com,Female,139.40.19.213
12,Rustie,Carnock,rcarnockb@flavors.me,Male,190.183.124.37
13,Mal,Ferris,mferrisc@skype.com,Male,227.114.186.73
14,Steffane,Scard,sscardd@europa.eu,Female,138.174.31.65
15,Amandi,Pacquet,apacquete@linkedin.com,Female,118.243.67.26
16,Lorin,Cawthry,lcawthryf@technorati.com,Male,155.205.179.103
17,Melesa,Thorwarth,mthorwarthg@cisco.com,Female,136.230.68.34
18,Nalani,Pashba,npashbah@walmart.com,Female,141.199.38.110
19,Shannon,Langwade,slangwadei@mac.com,Female,217.249.75.208
20,Darrell,Treasure,dtreasurej@simplemachines.org,Male,50.63.209.117
21,Betty,Draysay,bdraysayk@163.com,Female,82.83.226.7
22,Dionisio,Kondrachenko,dkondrachenkol@usgs.gov,Male,216.118.81.191
23,Carissa,Colleck,ccolleckm@cbc.ca,Female,225.57.21.195
24,Peder,Devons,pdevonsn@patch.com,Male,73.88.64.78
25,Wallache,Delf,wdelfo@mapquest.com,Male,65.204.174.119
26,Brigitte,Seeger,bseegerp@rediff.com,Female,211.86.154.134
27,Frederique,Hullot,fhullotq@nifty.com,Female,23.243.55.179
28,Georgi,Merrgen,gmerrgenr@intel.com,Male,42.127.14.51
29,Emelen,Spellsworth,espellsworths@census.gov,Male,247.118.220.123
30,Elden,Dixon,edixont@furl.net,Male,209.62.202.26
31,Lise,Stillgoe,lstillgoeu@sfgate.com,Female,8.177.185.216
32,Ronnie,Matushevich,rmatushevichv@123-reg.co.uk,Male,50.119.16.103
33,Humbert,Eadie,headiew@qq.com,Male,249.23.89.90
34,Arny,Berrane,aberranex@surveymonkey.com,Male,46.131.170.36
35,Dean,Halegarth,dhalegarthy@myspace.com,Male,229.68.90.230
36,Orrin,Pinck,opinckz@thetimes.co.uk,Male,239.243.77.115
37,Janek,Kaveney,jkaveney10@flavors.me,Male,223.39.56.63
38,Berke,Abby,babby11@ibm.com,Male,46.54.205.192
39,Bald,Norvell,bnorvell12@cbsnews.com,Male,254.55.100.111
40,Demetri,MacNab,dmacnab13@posterous.com,Male,10.188.61.26
41,Stoddard,Ramsell,sramsell14@mysql.com,Female,106.250.73.115
42,Adina,Dalrymple,adalrymple15@toplist.cz,Female,216.9.186.228
43,Daile,Gager,dgager16@bigcartel.com,Female,85.215.127.85
44,Kara-lynn,Gazey,kgazey17@shareasale.com,Female,20.112.47.63
45,Jacky,Stidston,jstidston18@behance.net,Male,208.186.94.53
46,Lotta,Allom,lallom19@marketwatch.com,Female,156.212.255.70
47,Merna,Raselles,mraselles1a@free.fr,Female,96.42.129.248
48,Reid,McIlmorow,rmcilmorow1b@indiatimes.com,Male,93.135.178.113
49,Eliot,Kettlewell,ekettlewell1c@netvibes.com,Male,226.230.94.153
50,Berkie,Twallin,btwallin1d@latimes.com,Male,217.84.35.230
51,Rand,Busk,rbusk1e@ftc.gov,Male,156.220.142.98
52,Joell,Sneddon,jsneddon1f@technorati.com,Female,100.69.201.155
53,Alexandre,Blackaller,ablackaller1g@sohu.com,Male,191.6.178.197
54,Toinette,Dohmann,tdohmann1h@buzzfeed.com,Female,149.35.112.162
55,Eamon,Garrold,egarrold1i@linkedin.com,Male,45.171.98.234
56,Mirabella,Ace,mace1j@macromedia.com,Female,240.61.151.143
57,Shay,Forker,sforker1k@qq.com,Male,192.211.172.128
58,Madeline,L'Homme,mlhomme1l@quantcast.com,Female,40.43.53.239
59,Gavin,Huelin,ghuelin1m@constantcontact.com,Male,39.80.76.62
60,Rodrique,Kyngdon,rkyngdon1n@noaa.gov,Male,94.156.249.247
61,Allen,Cranny,acranny1o@dagondesign.com,Male,234.150.167.146
62,Noble,Jurkowski,njurkowski1p@youku.com,Male,160.130.53.194
63,Fredek,Bimrose,fbimrose1q@microsoft.com,Male,209.159.225.70
64,Theo,Balaisot,tbalaisot1r@blogs.com,Female,178.105.250.147
65,Walliw,Veivers,wveivers1s@jiathis.com,Female,41.6.205.146
66,Fields,McPeake,fmcpeake1t@tmall.com,Male,140.184.161.154
67,Cooper,Neward,cneward1u@amazon.de,Male,52.149.93.201
68,Kliment,Sloss,ksloss1v@chron.com,Male,146.68.194.26
69,Herbert,Boutflour,hboutflour1w@smugmug.com,Male,56.226.22.193
70,Maurine,Gerauld,mgerauld1x@lulu.com,Female,228.77.14.132
71,Baxie,Undy,bundy1y@webmd.com,Male,89.88.78.188
72,Mile,Crasswell,mcrasswell1z@slideshare.net,Male,75.48.5.206
73,Isaiah,Janczewski,ijanczewski20@networksolutions.com,Male,210.89.255.206
74,Lynea,Nicolson,lnicolson21@merriam-webster.com,Female,18.11.199.207
75,Janel,Shrive,jshrive22@zdnet.com,Female,214.36.51.140
76,Kerk,Barnewelle,kbarnewelle23@dagondesign.com,Male,91.54.154.120
77,Annemarie,Sidgwick,asidgwick24@umn.edu,Female,157.247.232.77
78,Waldon,Clemensen,wclemensen25@examiner.com,Male,135.99.211.67
79,Joan,Chatenier,jchatenier26@canalblog.com,Female,126.198.159.109
80,Frasco,O'Hegertie,fohegertie27@moonfruit.com,Male,151.38.88.127
81,Jaquelyn,Baselli,jbaselli28@de.vu,Female,52.8.57.22
82,Klement,Langrish,klangrish29@washingtonpost.com,Male,90.72.53.218
83,Annecorinne,Fellnee,afellnee2a@youtu.be,Female,228.109.218.207
84,Garvin,Haydn,ghaydn2b@unicef.org,Male,40.2.53.0
85,Stanislas,Dericot,sdericot2c@scientificamerican.com,Male,222.45.163.164
86,Guglielma,Damrel,gdamrel2d@harvard.edu,Female,242.232.227.5
87,Kalil,Clissell,kclissell2e@google.pl,Male,184.52.176.215
88,Sigismondo,Falco,sfalco2f@friendfeed.com,Male,177.189.96.195
89,Titus,Danielis,tdanielis2g@ucsd.edu,Male,241.179.185.199
90,Raffarty,Tomalin,rtomalin2h@1und1.de,Male,181.108.34.76
91,Terrel,Joubert,tjoubert2i@surveymonkey.com,Male,219.59.229.155
92,Carlye,Pocklington,cpocklington2j@buzzfeed.com,Female,240.215.94.100
93,Katrina,Khristyukhin,kkhristyukhin2k@jimdo.com,Female,137.238.90.212
94,Cherise,Dispencer,cdispencer2l@toplist.cz,Female,21.52.68.144
95,Mohandas,Houlridge,mhoulridge2m@smh.com.au,Male,195.99.75.60
96,Emmalee,Tipling,etipling2n@house.gov,Female,251.72.29.63
97,Phyllis,Del Monte,pdelmonte2o@gravatar.com,Female,144.137.79.38
98,Eada,Schruurs,eschruurs2p@so-net.ne.jp,Female,238.160.206.38
99,Lorne,Sorbey,lsorbey2q@npr.org,Male,141.184.173.108
100,Gard,Peaker,gpeaker2r@wordpress.com,Male,43.200.81.225
101,Rickert,King,rking2s@wiley.com,Male,93.116.93.117
102,Wrennie,Margaritelli,wmargaritelli2t@weibo.com,Female,88.171.52.75
103,Udall,Rames,urames2u@house.gov,Male,71.8.143.14
104,Maryjane,Huonic,mhuonic2v@patch.com,Female,71.12.178.62
105,Ania,Willingam,awillingam2w@auda.org.au,Female,2.80.108.84
106,Philipa,Haimes,phaimes2x@mapy.cz,Female,117.171.225.89
107,Marshall,Vanderplas,mvanderplas2y@bbc.co.uk,Male,191.125.2.8
108,Engracia,Batho,ebatho2z@ameblo.jp,Female,74.2.219.202
109,Fredericka,Ottosen,fottosen30@loc.gov,Female,217.166.69.147
110,Loella,Rosenhaupt,lrosenhaupt31@printfriendly.com,Female,190.78.143.109
111,Siward,L'Hommeau,slhommeau32@cam.ac.uk,Male,210.222.162.181
112,Shoshana,Levi,slevi33@cloudflare.com,Female,24.187.134.176
113,Miriam,Rens,mrens34@dagondesign.com,Female,96.26.127.6
114,Cecelia,Tuerena,ctuerena35@go.com,Female,244.85.148.145
115,Taryn,Trump,ttrump36@google.pl,Female,1.70.116.253
116,Dane,Reilingen,dreilingen37@surveymonkey.com,Male,134.153.138.139
117,Essy,Lowthorpe,elowthorpe38@paypal.com,Female,214.66.159.39
118,Kahaleel,Dobrowski,kdobrowski39@instagram.com,Male,111.10.3.27
119,Faye,Amburgy,famburgy3a@bbb.org,Female,16.221.167.145
120,Nadine,Lamond,nlamond3b@abc.net.au,Female,17.55.189.66
121,Lenna,Innett,linnett3c@google.de,Female,161.70.114.48
122,Herminia,Jencken,hjencken3d@discuz.net,Female,29.58.28.17
123,Donni,Garnul,dgarnul3e@etsy.com,Female,169.134.98.199
124,Grantley,Climie,gclimie3f@cargocollective.com,Male,131.131.9.165
125,Dex,Corbridge,dcorbridge3g@telegraph.co.uk,Male,23.55.151.237
126,Alexandra,Blencowe,ablencowe3h@de.vu,Female,36.55.169.27
127,Marietta,Juckes,mjuckes3i@themeforest.net,Male,166.236.56.55
128,Tymothy,Bogey,tbogey3j@g.co,Male,54.181.167.192
129,Rubia,Baunton,rbaunton3k@addtoany.com,Female,178.93.222.208
130,Gerladina,Nuemann,gnuemann3l@seesaa.net,Female,120.53.168.2
131,Seline,Coners,sconers3m@pcworld.com,Female,112.213.1.205
132,Mickie,Langmead,mlangmead3n@redcross.org,Male,196.59.218.124
133,Darryl,Tilford,dtilford3o@squidoo.com,Male,93.235.180.57
134,Antonio,Lutwyche,alutwyche3p@google.it,Male,99.174.28.13
135,Lenka,Bramsom,lbramsom3q@purevolume.com,Female,165.68.246.219
136,Simonne,Trimby,strimby3r@topsy.com,Female,100.229.99.200
137,Sissy,De Santos,sdesantos3s@sogou.com,Female,34.180.89.176
138,Ximenes,Ebbers,xebbers3t@cargocollective.com,Male,157.27.243.110
139,Paulette,Gemmell,pgemmell3u@army.mil,Female,168.67.200.106
140,Ernesto,Tschersich,etschersich3v@army.mil,Male,152.192.78.148
141,Padraic,Abela,pabela3w@webmd.com,Male,31.31.73.250
142,Kean,Oakeby,koakeby3x@baidu.com,Male,47.205.98.198
143,Worden,Josovich,wjosovich3y@dmoz.org,Male,122.190.214.193
144,Romonda,Reddy,rreddy3z@walmart.com,Female,50.160.206.143
145,Marika,Confait,mconfait40@cpanel.net,Female,150.51.128.165
146,Olva,Piscotti,opiscotti41@alexa.com,Female,232.108.157.125
147,Julianna,Sloy,jsloy42@addthis.com,Female,89.194.93.160
148,Sophie,Bound,sbound43@fema.gov,Female,210.254.67.155
149,Jenn,Curnucke,jcurnucke44@symantec.com,Female,145.26.195.58
150,Brady,Bottoner,bbottoner45@dedecms.com,Male,191.99.69.162
151,Thedrick,Athey,tathey46@mashable.com,Male,29.136.77.254
152,Rowland,Weinmann,rweinmann47@fastcompany.com,Male,147.98.56.107
153,Birgit,King,bking48@comsenz.com,Female,104.71.245.242
154,Bastian,Weare,bweare49@nytimes.com,Male,250.4.233.75
155,Courtnay,Brodbin,cbrodbin4a@tripadvisor.com,Female,100.6.231.134
156,Marquita,Elsley,melsley4b@nih.gov,Female,166.177.43.120
157,Derek,Depka,ddepka4c@usda.gov,Male,28.213.207.44
158,Tyler,Crady,tcrady4d@bluehost.com,Male,102.231.177.118
159,Carri,Ainley,cainley4e@indiegogo.com,Female,99.195.43.15
160,Lalo,Scotcher,lscotcher4f@hc360.com,Male,66.41.94.249
161,Lilli,Rollinson,lrollinson4g@simplemachines.org,Female,94.255.16.38
162,Forster,Honnicott,fhonnicott4h@weather.com,Male,107.5.8.248
163,Nichole,Scanlin,nscanlin4i@naver.com,Male,46.27.125.4
164,Rickey,Barrs,rbarrs4j@irs.gov,Male,2.190.5.184
165,Fionna,Salleir,fsalleir4k@fda.gov,Female,177.5.42.160
166,Linell,Culham,lculham4l@ucla.edu,Female,65.218.235.38
167,Bernice,Toth,btoth4m@uiuc.edu,Female,235.115.166.77
168,Venus,Iverson,viverson4n@usgs.gov,Female,190.170.86.35
169,Umeko,Rudloff,urudloff4o@yahoo.com,Female,95.124.231.83
170,Marijo,Hallward,mhallward4p@europa.eu,Female,62.185.223.111
171,Nicolle,MacKimmie,nmackimmie4q@nasa.gov,Female,141.50.48.230
172,Henriette,Beniesh,hbeniesh4r@yandex.ru,Female,0.18.7.131
173,Carley,Easun,ceasun4s@ftc.gov,Female,130.195.106.167
174,Becka,Culbert,bculbert4t@ustream.tv,Female,214.9.126.80
175,Vinson,Mation,vmation4u@nifty.com,Male,24.108.66.230
176,Oona,Benmore,obenmore4v@hexun.com,Female,140.37.150.213
177,Lorinda,Delamaine,ldelamaine4w@wufoo.com,Female,124.97.18.44
178,Lazarus,Abyss,labyss4x@sphinn.com,Male,251.194.188.151
179,Maxwell,Shirlaw,mshirlaw4y@arizona.edu,Male,126.59.107.5
180,Caralie,Ninnis,cninnis4z@drupal.org,Female,69.88.14.136
181,Winn,de Keep,wdekeep50@reuters.com,Male,220.177.249.114
182,Nona,Tweedlie,ntweedlie51@eepurl.com,Female,237.14.170.155
183,Nils,O'Halleghane,nohalleghane52@cornell.edu,Male,186.59.78.230
184,Aubry,Shavel,ashavel53@tinypic.com,Female,43.47.41.144
185,Vitoria,Treves,vtreves54@bbc.co.uk,Female,220.247.222.0
186,Lindy,Collisson,lcollisson55@hubpages.com,Female,236.163.51.11
187,Lydia,McCrossan,lmccrossan56@wp.com,Female,121.139.33.150
188,Burk,Canter,bcanter57@alexa.com,Male,170.148.181.80
189,Elvyn,Goodyear,egoodyear58@uol.com.br,Male,43.194.97.204
190,Bengt,Gonneau,bgonneau59@slate.com,Male,241.42.34.80
191,Laughton,Strongitharm,lstrongitharm5a@intel.com,Male,136.57.202.19
192,Adan,Jimes,ajimes5b@nifty.com,Female,220.168.177.249
193,Marlene,Darlaston,mdarlaston5c@bing.com,Female,52.141.82.34
194,Josephina,McIlvaney,jmcilvaney5d@moonfruit.com,Female,139.90.181.82
195,Ahmed,Gosnall,agosnall5e@t.co,Male,254.130.122.68
196,Royall,Boothroyd,rboothroyd5f@soup.io,Male,3.136.104.69
197,Vikki,Wolfe,vwolfe5g@google.it,Female,189.9.208.197
198,Frannie,Gerardot,fgerardot5h@reuters.com,Male,38.5.126.17
199,Clemente,McNiven,cmcniven5i@europa.eu,Male,193.185.73.90
200,Noel,Sheahan,nsheahan5j@hc360.com,Male,104.65.189.166
201,Bevan,Lipprose,blipprose5k@infoseek.co.jp,Male,48.174.72.62
202,Riccardo,Cavolini,rcavolini5l@alibaba.com,Male,89.162.36.33
203,Marlowe,Herche,mherche5m@wp.com,Male,169.126.227.228
204,Guss,Brownill,gbrownill5n@ebay.com,Male,62.151.196.32
205,Ivar,Bennough,ibennough5o@scientificamerican.com,Male,181.245.140.213
206,Jude,Gabler,jgabler5p@google.com.au,Male,12.81.237.221
207,Lianna,Egginton,legginton5q@goodreads.com,Female,116.2.242.228
208,Benedikt,Baglow,bbaglow5r@ovh.net,Male,64.117.177.193
209,Eadmund,Mcwhinnie,emcwhinnie5s@t.co,Male,9.31.58.137
210,Britta,Bloxsum,bbloxsum5t@arstechnica.com,Female,51.253.66.31
211,Eadmund,Mourton,emourton5u@cam.ac.uk,Male,244.167.235.82
212,Mollie,Billitteri,mbillitteri5v@newyorker.com,Female,175.134.115.238
213,Brandi,Ralling,bralling5w@clickbank.net,Female,112.56.223.191
214,Griselda,Aldhous,galdhous5x@blogs.com,Female,54.171.229.197
215,Micheal,Rallin,mrallin5y@nydailynews.com,Male,235.111.11.224
216,Gilberto,Sparshutt,gsparshutt5z@squarespace.com,Male,229.67.194.70
217,Jimmie,Manneville,jmanneville60@fastcompany.com,Male,239.125.64.111
218,Lucretia,Nehl,lnehl61@ucoz.com,Female,185.210.50.219
219,Keelia,Dechelette,kdechelette62@illinois.edu,Female,220.49.145.150
220,Maisey,Rao,mrao63@upenn.edu,Female,96.75.229.193
221,Madel,Podmore,mpodmore64@fema.gov,Female,198.77.49.112
222,Ade,Chaucer,achaucer65@google.es,Male,39.90.232.70
223,Curt,Mahady,cmahady66@jigsy.com,Male,132.44.18.199
224,Correy,Le Maitre,clemaitre67@netvibes.com,Male,180.224.190.247
225,Hobey,Dumbare,hdumbare68@skype.com,Male,203.0.166.225
226,Caroline,Howse,chowse69@google.com.au,Female,70.201.203.197
227,Paulo,Samsonsen,psamsonsen6a@youtube.com,Male,33.79.189.106
228,Kelly,Gainsborough,kgainsborough6b@nps.gov,Male,128.201.194.176
229,Von,Downgate,vdowngate6c@intel.com,Male,35.133.174.228
230,Hephzibah,Bartrap,hbartrap6d@apache.org,Female,35.74.136.226
231,Nealy,Balam,nbalam6e@latimes.com,Male,252.168.128.136
232,Pen,Blennerhassett,pblennerhassett6f@reddit.com,Female,140.103.38.99
233,Edd,Piggott,epiggott6g@latimes.com,Male,92.101.5.65
234,Llewellyn,Thebes,lthebes6h@twitpic.com,Male,45.164.22.10
235,Rand,Nice,rnice6i@skyrock.com,Male,11.51.96.16
236,Lorianna,McIlwaine,lmcilwaine6j@amazonaws.com,Female,235.187.80.160
237,Tobie,Beslier,tbeslier6k@sciencedaily.com,Male,137.124.185.64
238,Chrissy,Mattingly,cmattingly6l@friendfeed.com,Male,119.110.157.244
239,Justus,Ellul,jellul6m@scribd.com,Male,122.44.95.175
240,Zena,Archambault,zarchambault6n@nps.gov,Female,78.70.164.70
241,Leonard,Presdie,lpresdie6o@unesco.org,Male,152.97.38.31
242,Isaiah,Fenlon,ifenlon6p@blogtalkradio.com,Male,2.66.34.148
243,Gussy,Exley,gexley6q@nyu.edu,Female,148.242.106.248
244,Ainsley,Bottini,abottini6r@wufoo.com,Female,57.139.154.48
245,Ramsey,Kiraly,rkiraly6s@blog.com,Male,156.240.192.148
246,Jesselyn,Kirtland,jkirtland6t@1688.com,Female,230.205.233.79
247,Willie,Halpine,whalpine6u@ft.com,Female,117.54.26.154
248,Indira,Paulot,ipaulot6v@goodreads.com,Female,85.183.165.16
249,Emma,Rulton,erulton6w@altervista.org,Female,210.193.76.54
250,Cash,Broadfield,cbroadfield6x@stumbleupon.com,Male,30.37.244.146
251,Vera,Gisburne,vgisburne6y@google.nl,Female,41.206.236.109
252,Meg,Esser,messer6z@google.ca,Female,6.140.152.167
253,Whitman,Howlin,whowlin70@yelp.com,Male,135.187.13.37
254,Karlan,Tebb,ktebb71@multiply.com,Male,175.254.52.205
255,Catherin,Dimond,cdimond72@google.co.uk,Female,136.170.13.88
256,Denney,Joinson,djoinson73@vinaora.com,Male,226.80.41.27
257,Nate,Sebrook,nsebrook74@disqus.com,Male,133.148.204.214
258,Hazlett,Jori,hjori75@flavors.me,Male,176.37.199.183
259,Kit,Martellini,kmartellini76@opensource.org,Female,119.49.1.45
260,Faythe,Mordon,fmordon77@wikia.com,Female,18.102.160.154
261,Dominik,Chrisp,dchrisp78@economist.com,Male,38.186.91.76
262,Edd,Tansill,etansill79@sakura.ne.jp,Male,196.60.110.237
263,Dorie,St. Paul,dstpaul7a@360.cn,Female,134.193.25.3
264,Boot,Burdass,bburdass7b@plala.or.jp,Male,49.198.181.3
265,Rancell,Peaple,rpeaple7c@bloglines.com,Male,141.176.36.214
266,Ally,Joriot,ajoriot7d@mail.ru,Female,200.29.113.93
267,Melisandra,Leynton,mleynton7e@baidu.com,Female,200.27.74.234
268,Roderic,Chilvers,rchilvers7f@hud.gov,Male,33.6.193.181
269,Danny,Jenyns,djenyns7g@npr.org,Female,131.116.231.165
270,Jeremiah,Carradice,jcarradice7h@vkontakte.ru,Male,82.201.160.114
271,Tremayne,Dorin,tdorin7i@oracle.com,Male,106.125.15.121
272,Marybeth,Knellen,mknellen7j@prnewswire.com,Female,252.78.56.195
273,Chris,Norster,cnorster7k@netlog.com,Male,8.60.212.42
274,Mayer,Reyna,mreyna7l@vimeo.com,Male,138.37.182.70
275,Fleurette,Novotni,fnovotni7m@ovh.net,Female,210.196.9.90
276,Ileane,Leftbridge,ileftbridge7n@slideshare.net,Female,240.220.157.11
277,Billi,Robe,brobe7o@123-reg.co.uk,Female,163.154.80.118
278,Mella,Gibling,mgibling7p@blinklist.com,Female,185.255.28.31
279,Emlynne,Tennant,etennant7q@usnews.com,Female,206.244.23.194
280,Titos,Bramble,tbramble7r@facebook.com,Male,246.141.57.38
281,Lonni,Rubenczyk,lrubenczyk7s@ucoz.ru,Female,201.77.116.246
282,Dian,Cuell,dcuell7t@prlog.org,Female,37.255.172.209
283,Clarabelle,Pioch,cpioch7u@studiopress.com,Female,149.96.138.127
284,Hermina,Stoney,hstoney7v@addthis.com,Female,173.193.127.98
285,Hildegarde,Merida,hmerida7w@ow.ly,Female,88.243.207.56
286,Carlota,Edmott,cedmott7x@cpanel.net,Female,238.44.155.179
287,Piggy,Hourihan,phourihan7y@tripadvisor.com,Male,12.3.227.149
288,Enrico,Hawton,ehawton7z@ovh.net,Male,143.79.8.140
289,Brnaba,Chieze,bchieze80@free.fr,Male,188.88.191.63
290,Alessandra,Idle,aidle81@wikipedia.org,Female,156.115.235.180
291,Asa,Thresh,athresh82@wordpress.org,Male,238.152.128.235
292,Clemmie,Luberti,cluberti83@ucoz.com,Male,232.124.175.42
293,Eugenius,Pozzo,epozzo84@goodreads.com,Male,218.12.205.182
294,Kele,Ellit,kellit85@hatena.ne.jp,Male,18.246.175.252
295,Daven,Tupp,dtupp86@economist.com,Male,58.127.137.74
296,Mella,Avery,mavery87@sciencedaily.com,Female,200.168.125.204
297,Pacorro,Blaske,pblaske88@nifty.com,Male,229.81.164.127
298,Baxie,Whitechurch,bwhitechurch89@earthlink.net,Male,126.17.65.126
299,Jeramie,Hanaford,jhanaford8a@indiatimes.com,Male,101.8.239.100
300,Pepe,Oldroyde,poldroyde8b@clickbank.net,Male,1.105.83.77
301,Horton,Kinnon,hkinnon8c@cmu.edu,Male,180.25.115.237
302,Aguste,Wisdom,awisdom8d@imageshack.us,Male,136.251.197.217
303,Conant,Howie,chowie8e@berkeley.edu,Male,159.23.67.242
304,Worth,Krugmann,wkrugmann8f@goo.ne.jp,Male,161.237.67.168
305,Currie,Hullett,chullett8g@networksolutions.com,Male,160.1.65.237
306,Carree,Pitrasso,cpitrasso8h@who.int,Female,249.70.128.145
307,Enriqueta,Weatherburn,eweatherburn8i@cdbaby.com,Female,44.173.63.244
308,Eberto,Guiraud,eguiraud8j@tripod.com,Male,181.142.235.230
309,Stavros,Hacksby,shacksby8k@infoseek.co.jp,Male,141.97.185.77
310,Letti,Alltimes,lalltimes8l@imageshack.us,Female,60.203.104.128
311,Brandon,Brawson,bbrawson8m@apple.com,Male,168.109.107.107
312,Gonzales,Rubinowitsch,grubinowitsch8n@epa.gov,Male,223.65.76.112
313,Lee,Brachell,lbrachell8o@odnoklassniki.ru,Female,2.163.141.251
314,William,Sides,wsides8p@goo.ne.jp,Male,83.20.29.192
315,Eloisa,Hamman,ehamman8q@yolasite.com,Female,212.42.8.103
316,Trefor,Klulik,tklulik8r@state.gov,Male,129.163.225.182
317,Tamqrah,Feore,tfeore8s@360.cn,Female,230.68.151.118
318,Constance,Rohan,crohan8t@imageshack.us,Female,18.163.187.191
319,Roma,Kleinhandler,rkleinhandler8u@geocities.jp,Male,140.26.17.16
320,Alexei,Andrich,aandrich8v@go.com,Male,17.195.168.122
321,Elliott,Dilleway,edilleway8w@java.com,Male,136.54.163.251
322,Annalise,Robrow,arobrow8x@usgs.gov,Female,156.176.224.187
323,Tanney,Yakushkev,tyakushkev8y@cam.ac.uk,Male,110.25.235.229
324,Nadean,Lestor,nlestor8z@buzzfeed.com,Female,254.240.28.140
325,Janean,Silvers,jsilvers90@jimdo.com,Female,95.225.64.96
326,Porter,Lackinton,plackinton91@hc360.com,Male,250.161.138.93
327,Daile,Kaindl,dkaindl92@apple.com,Female,81.61.106.158
328,Bret,Peeter,bpeeter93@newyorker.com,Male,155.238.176.76
329,Britt,Tollfree,btollfree94@cpanel.net,Female,243.9.56.225
330,Vitoria,Rogez,vrogez95@qq.com,Female,194.109.252.225
331,Nicholle,Albrecht,nalbrecht96@godaddy.com,Female,14.97.49.70
332,Araldo,Durant,adurant97@typepad.com,Male,172.227.250.127
333,Rebekkah,Geindre,rgeindre98@ucoz.ru,Female,7.157.133.226
334,Karry,Kesteven,kkesteven99@dmoz.org,Female,195.158.219.63
335,Tisha,Wimpenny,twimpenny9a@mit.edu,Female,174.129.19.61
336,Mario,Bleything,mbleything9b@columbia.edu,Male,199.113.139.246
337,Nananne,Davidavidovics,ndavidavidovics9c@imdb.com,Female,83.70.58.88
338,Alphard,Boken,aboken9d@spotify.com,Male,65.57.231.247
339,Marguerite,Bullar,mbullar9e@odnoklassniki.ru,Female,144.112.128.78
340,Andrus,Triplow,atriplow9f@hp.com,Male,73.189.12.142
341,Jarret,O'Feeny,jofeeny9g@tripod.com,Male,171.213.95.110
342,Lem,McSwan,lmcswan9h@theatlantic.com,Male,182.75.222.52
343,Theodore,Tomlinson,ttomlinson9i@networkadvertising.org,Male,138.253.49.196
344,Rochelle,Cradick,rcradick9j@ucoz.ru,Female,149.152.108.120
345,Sky,Bunten,sbunten9k@go.com,Male,195.5.42.20
346,Miles,Kyberd,mkyberd9l@mapquest.com,Male,17.175.217.68
347,Ginni,Coskerry,gcoskerry9m@merriam-webster.com,Female,253.139.162.92
348,Jillayne,Breinl,jbreinl9n@webs.com,Female,151.61.211.184
349,Fremont,Fulford,ffulford9o@bloglovin.com,Male,150.55.132.62
350,Lindsy,Crook,lcrook9p@mapy.cz,Female,131.66.160.84
351,Rozalin,Ronci,rronci9q@51.la,Female,221.191.123.84
352,Verney,MacCosty,vmaccosty9r@surveymonkey.com,Male,0.52.204.145
353,Pooh,Williamson,pwilliamson9s@marketwatch.com,Male,138.203.10.109
354,Jeffy,Faldo,jfaldo9t@businessweek.com,Male,128.235.200.253
355,Slade,Gaffer,sgaffer9u@woothemes.com,Male,9.3.217.27
356,Willey,Rampton,wrampton9v@ted.com,Male,195.193.209.124
357,Iosep,Cammis,icammis9w@hostgator.com,Male,150.144.119.113
358,Porty,Scandrett,pscandrett9x@exblog.jp,Male,75.4.59.128
359,Davida,Hobben,dhobben9y@bing.com,Female,111.209.6.239
360,Nike,Senecaux,nsenecaux9z@craigslist.org,Female,108.165.58.22
361,Karrie,Peealess,kpeealessa0@google.es,Female,67.139.30.247
362,Gertruda,Everal,geverala1@microsoft.com,Female,110.28.95.171
363,Mela,Cluet,mclueta2@ehow.com,Female,158.147.188.55
364,Bobbye,Mulqueeny,bmulqueenya3@opera.com,Female,42.146.150.15
365,Devlen,Walshe,dwalshea4@theglobeandmail.com,Male,113.254.239.170
366,Pavlov,Castanos,pcastanosa5@vkontakte.ru,Male,255.206.35.251
367,Roda,Le Marquis,rlemarquisa6@acquirethisname.com,Female,191.56.223.119
368,Thibaut,Gunthorp,tgunthorpa7@themeforest.net,Male,118.171.26.51
369,Tymon,Hartwright,thartwrighta8@pen.io,Male,233.191.40.228
370,Floyd,Kirrage,fkirragea9@walmart.com,Male,157.140.131.215
371,Mano,O'Docherty,modochertyaa@vimeo.com,Male,249.58.235.166
372,Jonis,Hawtin,jhawtinab@ox.ac.uk,Female,157.166.62.22
373,Danella,Favill,dfavillac@vinaora.com,Female,98.187.96.195
374,Adriaens,Deacon,adeaconad@aol.com,Female,82.112.144.186
375,Cally,Simonett,csimonettae@census.gov,Female,84.87.16.16
376,Viole,Ferris,vferrisaf@yandex.ru,Female,164.204.141.172
377,Quinn,O'Boyle,qoboyleag@goo.ne.jp,Male,203.197.224.208
378,Roley,Puller,rpullerah@diigo.com,Male,178.6.245.255
379,Walsh,Linford,wlinfordai@jimdo.com,Male,166.225.28.226
380,Moll,Levett,mlevettaj@un.org,Female,166.68.149.250
381,Lamont,Lovel,llovelak@vimeo.com,Male,108.165.116.141
382,Herold,Prester,hpresteral@abc.net.au,Male,106.195.11.64
383,Eric,Rosensaft,erosensaftam@earthlink.net,Male,143.57.11.178
384,Odele,Moodie,omoodiean@dailymotion.com,Female,162.137.210.23
385,Vally,Patry,vpatryao@upenn.edu,Female,88.143.102.161
386,Teresita,Bafford,tbaffordap@odnoklassniki.ru,Female,78.195.129.9
387,Jemmie,Kingsman,jkingsmanaq@flickr.com,Female,177.231.88.63
388,Rock,Goor,rgoorar@addtoany.com,Male,227.26.253.245
389,Shanta,Seneschal,sseneschalas@so-net.ne.jp,Female,222.30.251.39
390,Antoine,Beardall,abeardallat@theglobeandmail.com,Male,72.215.72.53
391,Karol,Beadell,kbeadellau@yahoo.com,Female,163.37.176.247
392,Peta,Hamflett,phamflettav@oracle.com,Female,149.148.29.4
393,Carma,Gare,cgareaw@craigslist.org,Female,110.130.114.22
394,Waldon,O'Leary,wolearyax@instagram.com,Male,208.4.255.137
395,Wynn,Botterill,wbotterillay@about.com,Female,106.203.78.223
396,Kissiah,Grigori,kgrigoriaz@stumbleupon.com,Female,130.29.252.210
397,Nissy,Showt,nshowtb0@sun.com,Female,162.169.250.167
398,Bernette,Branscombe,bbranscombeb1@1und1.de,Female,168.125.6.85
399,Stevie,Sealy,ssealyb2@who.int,Male,58.73.236.9
400,Clarabelle,Daouze,cdaouzeb3@comcast.net,Female,248.28.147.101
401,Iona,Gourley,igourleyb4@123-reg.co.uk,Female,211.29.49.98
402,Osborn,Tibbotts,otibbottsb5@unblog.fr,Male,138.11.69.227
403,Gaby,Drieu,gdrieub6@shutterfly.com,Female,83.152.124.212
404,Josh,Hurche,jhurcheb7@bloglines.com,Male,102.66.111.70
405,Trudie,Metschke,tmetschkeb8@dagondesign.com,Female,242.241.126.199
406,Virginia,Stout,vstoutb9@nature.com,Female,66.86.230.20
407,Isaak,Deem,ideemba@cnet.com,Male,181.53.1.147
408,Corry,Rominov,crominovbb@java.com,Female,221.9.28.200
409,Calli,O'Hanley,cohanleybc@wisc.edu,Female,252.199.164.109
410,Witty,Warwick,wwarwickbd@slideshare.net,Male,124.118.101.219
411,Torrey,Bernakiewicz,tbernakiewiczbe@cnbc.com,Male,40.240.239.159
412,Adamo,Beckers,abeckersbf@cornell.edu,Male,80.106.191.206
413,Moore,Ruvel,mruvelbg@usatoday.com,Male,193.156.227.225
414,Alverta,Figg,afiggbh@wix.com,Female,27.233.81.52
415,Aurore,Mauvin,amauvinbi@wikia.com,Female,192.142.231.57
416,Marya,Stuke,mstukebj@csmonitor.com,Female,169.58.180.15
417,Fraze,Reedshaw,freedshawbk@t.co,Male,85.31.92.6
418,Reagen,Whether,rwhetherbl@oaic.gov.au,Male,89.174.98.189
419,Casie,Roj,crojbm@alibaba.com,Female,0.218.241.179
420,Shirleen,Hansel,shanselbn@shop-pro.jp,Female,231.44.17.46
421,Zenia,Harlock,zharlockbo@disqus.com,Female,147.64.122.193
422,Gay,Adrienne,gadriennebp@cam.ac.uk,Male,123.84.5.59
423,Lucienne,Glasspool,lglasspoolbq@wisc.edu,Female,110.194.83.253
424,Ondrea,Stancer,ostancerbr@paginegialle.it,Female,5.7.112.40
425,Tally,Setterthwait,tsetterthwaitbs@miibeian.gov.cn,Male,244.43.65.26
426,Garvin,Coultard,gcoultardbt@baidu.com,Male,5.8.105.137
427,Sarge,Cromb,scrombbu@house.gov,Male,42.18.9.236
428,Luci,MacDearmont,lmacdearmontbv@google.ru,Female,247.38.115.114
429,Emmey,Cathee,ecatheebw@jigsy.com,Female,78.25.3.169
430,Jonas,Shutte,jshuttebx@is.gd,Male,158.139.77.230
431,Dugald,Cavolini,dcavoliniby@sogou.com,Male,159.177.44.180
432,Devin,Gleader,dgleaderbz@istockphoto.com,Male,117.228.59.254
433,Tymon,Bartunek,tbartunekc0@opensource.org,Male,65.163.120.206
434,Carrol,Yepiskov,cyepiskovc1@imdb.com,Male,13.203.59.233
435,Luca,Tumioto,ltumiotoc2@icio.us,Male,126.147.164.219
436,Loralie,Gibbe,lgibbec3@pcworld.com,Female,36.157.127.226
437,Smitty,Zanassi,szanassic4@reverbnation.com,Male,115.186.95.214
438,Anitra,Kristof,akristofc5@ifeng.com,Female,119.149.9.193
439,Lennie,Fairbanks,lfairbanksc6@prnewswire.com,Male,236.202.122.105
440,Elinore,Fumagall,efumagallc7@springer.com,Female,27.92.130.238
441,Astrid,Tarver,atarverc8@google.es,Female,29.38.102.191
442,Shir,Guinnane,sguinnanec9@themeforest.net,Female,232.163.107.159
443,Jarad,Daynter,jdaynterca@dyndns.org,Male,252.237.102.91
444,Marlee,Town,mtowncb@npr.org,Female,31.12.138.249
445,Lizabeth,Cunniam,lcunniamcc@creativecommons.org,Female,8.82.39.8
446,Marget,Scates,mscatescd@ihg.com,Female,56.181.149.111
447,Udall,Eastridge,ueastridgece@independent.co.uk,Male,163.44.247.4
448,Dannie,Amberg,dambergcf@ihg.com,Female,14.245.219.189
449,Roxanne,Elcomb,relcombcg@businessweek.com,Female,73.250.58.47
450,Dayle,Spinello,dspinelloch@fastcompany.com,Female,121.135.157.192
451,Nikos,Blaksley,nblaksleyci@opensource.org,Male,127.30.66.97
452,Jose,Hegarty,jhegartycj@oracle.com,Male,50.159.208.209
453,Justin,Staddon,jstaddonck@google.com.au,Male,53.31.123.233
454,Cheryl,Dixie,cdixiecl@deviantart.com,Female,120.69.10.53
455,Daffi,Pead,dpeadcm@lulu.com,Female,81.164.59.180
456,Burr,Mathivon,bmathivoncn@timesonline.co.uk,Male,112.155.54.165
457,Ogdan,Greg,ogregco@uiuc.edu,Male,137.32.73.9
458,Elvis,Cowerd,ecowerdcp@google.co.uk,Male,145.121.25.93
459,Chip,Stookes,cstookescq@nsw.gov.au,Male,161.206.102.8
460,Duky,Glanfield,dglanfieldcr@netscape.com,Male,30.6.131.218
461,Marje,Mirrlees,mmirrleescs@bizjournals.com,Female,142.235.65.231
462,Morrie,Goldstraw,mgoldstrawct@pen.io,Male,81.50.18.18
463,Horatia,Karlolak,hkarlolakcu@usa.gov,Female,132.179.255.181
464,Caroline,Duly,cdulycv@aol.com,Female,228.102.200.128
465,Boycie,Frazier,bfraziercw@amazon.de,Male,33.193.175.53
466,Tammy,Vittore,tvittorecx@ed.gov,Female,242.116.224.241
467,Sukey,Bowdrey,sbowdreycy@jugem.jp,Female,147.59.24.162
468,Issiah,Taylerson,itaylersoncz@homestead.com,Male,2.37.37.130
469,Pet,Sebyer,psebyerd0@slideshare.net,Female,136.104.159.55
470,Stevena,Stannard,sstannardd1@lulu.com,Female,249.180.222.149
471,Collen,Slyford,cslyfordd2@wufoo.com,Female,196.228.163.185
472,Dela,Fasson,dfassond3@blogger.com,Female,88.152.238.118
473,Myrwyn,Greenstock,mgreenstockd4@devhub.com,Male,66.115.73.118
474,Anette,Nias,aniasd5@reuters.com,Female,217.43.131.9
475,Yurik,Raunds,yraundsd6@cnet.com,Male,114.137.225.114
476,Norina,Piddick,npiddickd7@mapquest.com,Female,21.84.67.226
477,Ronny,Conkey,rconkeyd8@fastcompany.com,Female,90.240.227.104
478,Carina,Juschka,cjuschkad9@bloglovin.com,Female,149.136.171.79
479,Tirrell,Cammish,tcammishda@cdc.gov,Male,135.196.123.216
480,Hedwig,Berthome,hberthomedb@walmart.com,Female,87.108.124.189
481,Adlai,Dyne,adynedc@google.com.br,Male,181.26.41.168
482,Demetria,Petticrow,dpetticrowdd@newsvine.com,Female,84.91.75.252
483,Nonie,Camili,ncamilide@ow.ly,Female,164.115.20.254
484,Hobie,Dyerson,hdyersondf@unblog.fr,Male,140.69.150.97
485,Timoteo,Edmeades,tedmeadesdg@webs.com,Male,144.209.15.49
486,Kris,Durante,kdurantedh@washingtonpost.com,Male,135.93.198.253
487,Haze,Marushak,hmarushakdi@businessinsider.com,Male,254.229.16.226
488,Althea,Jaycock,ajaycockdj@hostgator.com,Female,11.7.82.239
489,Erroll,Benda,ebendadk@ucoz.com,Male,236.67.205.124
490,Grier,Mountney,gmountneydl@mozilla.com,Female,112.181.227.146
491,Manda,Dominico,mdominicodm@ucoz.com,Female,150.88.211.169
492,Hugh,Brounsell,hbrounselldn@usa.gov,Male,52.246.239.81
493,Tadeo,Jones,tjonesdo@census.gov,Male,48.1.88.120
494,Glori,Farlambe,gfarlambedp@wikipedia.org,Female,23.5.164.70
495,Pamela,Dobbie,pdobbiedq@virginia.edu,Female,207.45.126.58
496,Reinaldo,Larrie,rlarriedr@google.co.uk,Male,231.25.130.222
497,Mitzi,Snow,msnowds@chron.com,Female,12.28.136.128
498,Pieter,Le Noir,plenoirdt@usgs.gov,Male,159.66.211.27
499,Heddi,McGrill,hmcgrilldu@elegantthemes.com,Female,19.55.108.232
500,Hastie,Buttfield,hbuttfielddv@sitemeter.com,Male,168.65.165.64
501,Lottie,Worrall,lworralldw@kickstarter.com,Female,2.49.122.66
502,Gale,Marquiss,gmarquissdx@smh.com.au,Female,197.119.184.60
503,Abbott,Kinastan,akinastandy@independent.co.uk,Male,114.155.74.107
504,Heddie,Pikhno,hpikhnodz@fc2.com,Female,250.27.209.91
505,Joanna,Buckler,jbucklere0@whitehouse.gov,Female,207.245.125.219
506,Latrina,Braney,lbraneye1@umich.edu,Female,119.244.110.117
507,Tiff,McLorinan,tmclorinane2@statcounter.com,Female,18.18.140.140
508,Angelika,O'Ruane,aoruanee3@linkedin.com,Female,93.35.232.165
509,Agnese,Overlow,aoverlowe4@diigo.com,Female,77.56.48.163
510,Niko,Westcott,nwestcotte5@ifeng.com,Male,241.202.138.212
511,Lavena,Mitchenson,lmitchensone6@jimdo.com,Female,7.30.85.218
512,Emeline,Jedrzejewicz,ejedrzejewicze7@mediafire.com,Female,30.178.227.100
513,Fernandina,Morrel,fmorrele8@yahoo.co.jp,Female,233.211.143.48
514,Gannie,Gridley,ggridleye9@seesaa.net,Male,236.63.90.37
515,Hollie,Vaughn,hvaughnea@newyorker.com,Female,59.116.56.52
516,Nevile,Teodoro,nteodoroeb@csmonitor.com,Male,46.50.248.201
517,Donn,Doutch,ddoutchec@state.tx.us,Male,107.36.24.186
518,Lorri,MacEvilly,lmacevillyed@theatlantic.com,Female,75.95.32.93
519,Caro,Reese,creeseee@ed.gov,Female,155.225.72.14
520,Keeley,See,kseeef@instagram.com,Female,161.196.157.98
521,Barri,Yardley,byardleyeg@umich.edu,Male,6.191.125.116
522,Ray,Bardey,rbardeyeh@google.com,Male,182.134.62.123
523,Othilia,Mistry,omistryei@intel.com,Female,36.4.80.71
524,Alejandrina,Locke,alockeej@economist.com,Female,34.124.24.10
525,Antonius,Cleyburn,acleyburnek@ustream.tv,Male,95.245.71.52
526,Ethe,McPherson,emcphersonel@dyndns.org,Male,143.226.195.141
527,Brew,Lygo,blygoem@wordpress.com,Male,18.80.173.97
528,Nariko,Glantz,nglantzen@stumbleupon.com,Female,179.253.179.64
529,Durante,Elman,delmaneo@xing.com,Male,98.201.148.46
530,Westbrooke,O'Scanlan,woscanlanep@godaddy.com,Male,121.22.82.72
531,Angelico,MacMechan,amacmechaneq@hud.gov,Male,140.18.244.156
532,Berton,Izzard,bizzarder@dyndns.org,Male,201.219.14.105
533,Karrie,Bovis,kbovises@virginia.edu,Female,69.57.87.105
534,Bendick,McIlvenna,bmcilvennaet@nba.com,Male,9.135.199.149
535,Lari,Wartonby,lwartonbyeu@t-online.de,Female,199.84.64.36
536,Conway,Benza,cbenzaev@businesswire.com,Male,128.125.151.203
537,Brande,Cominello,bcominelloew@prweb.com,Female,42.229.175.171
538,Jarid,Van Waadenburg,jvanwaadenburgex@youku.com,Male,115.44.53.72
539,Zara,Peepall,zpeepalley@google.com,Female,81.188.93.183
540,Addy,Cabedo,acabedoez@spotify.com,Male,54.113.237.170
541,Randolf,Tillyer,rtillyerf0@cmu.edu,Male,210.4.10.185
542,Christy,Cudworth,ccudworthf1@w3.org,Female,109.52.7.86
543,Fiona,McTiernan,fmctiernanf2@howstuffworks.com,Female,218.91.36.25
544,Caitlin,Emerton,cemertonf3@quantcast.com,Female,208.163.174.211
545,Roanne,Pashenkov,rpashenkovf4@edublogs.org,Female,240.112.171.91
546,Dee,Over,doverf5@tinypic.com,Female,190.141.194.137
547,Cyndie,Tesseyman,ctesseymanf6@auda.org.au,Female,207.220.231.146
548,Percy,Mushawe,pmushawef7@businessweek.com,Male,44.205.5.87
549,Kaitlyn,Faraday,kfaradayf8@opensource.org,Female,22.162.72.25
550,Cleveland,MacDowall,cmacdowallf9@chicagotribune.com,Male,154.163.236.226
551,Jason,Gymlett,jgymlettfa@woothemes.com,Male,114.120.247.240
552,Kerianne,Conford,kconfordfb@bandcamp.com,Female,18.48.238.86
553,Mable,Shovelin,mshovelinfc@toplist.cz,Female,118.140.174.72
554,Jerald,Jorge,jjorgefd@who.int,Male,216.197.139.85
555,Rorke,Andreuzzi,randreuzzife@dagondesign.com,Male,187.22.224.122
556,Liesa,Duckhouse,lduckhouseff@nyu.edu,Female,83.26.9.141
557,Sayer,Kender,skenderfg@discovery.com,Male,90.92.91.122
558,Erwin,Attac,eattacfh@unesco.org,Male,235.247.135.111
559,Rudolfo,Van der Hoeven,rvanderhoevenfi@newyorker.com,Male,56.218.13.63
560,Karyn,Vinson,kvinsonfj@reddit.com,Female,227.59.5.202
561,Mariele,Langhorn,mlanghornfk@seattletimes.com,Female,190.44.33.106
562,Elsi,Vannikov,evannikovfl@redcross.org,Female,192.76.20.255
563,Dyann,Akister,dakisterfm@hugedomains.com,Female,230.167.249.237
564,Tommi,Clac,tclacfn@blogger.com,Female,163.123.103.110
565,Dugald,Bewshire,dbewshirefo@webnode.com,Male,233.34.29.57
566,Hamilton,Sugarman,hsugarmanfp@themeforest.net,Male,63.52.64.65
567,Terrance,Targett,ttargettfq@spiegel.de,Male,34.95.6.124
568,Leticia,Ansett,lansettfr@spiegel.de,Female,208.145.239.226
569,Ambrosio,Jewell,ajewellfs@goo.ne.jp,Male,173.84.196.138
570,Obie,Glawsop,oglawsopft@facebook.com,Male,47.187.196.131
571,Corrinne,Hulme,chulmefu@etsy.com,Female,223.95.243.142
572,Ryan,Oakton,roaktonfv@buzzfeed.com,Male,29.79.140.105
573,Kevan,Chisolm,kchisolmfw@google.es,Male,237.57.143.137
574,Waylon,Creavin,wcreavinfx@ycombinator.com,Male,238.167.219.129
575,Beth,Yashanov,byashanovfy@cdbaby.com,Female,145.222.84.178
576,Lanie,Attwoul,lattwoulfz@purevolume.com,Male,56.142.52.195
577,Husain,Prettejohns,hprettejohnsg0@163.com,Male,104.184.165.180
578,Eamon,Dorn,edorng1@taobao.com,Male,146.176.237.93
579,Julianna,Margrett,jmargrettg2@spotify.com,Female,50.213.152.97
580,Sunshine,Dumsday,sdumsdayg3@ovh.net,Female,19.100.215.154
581,Ly,Bowmaker,lbowmakerg4@ucsd.edu,Male,220.203.224.199
582,Teodoro,Greschke,tgreschkeg5@wikimedia.org,Male,126.192.5.143
583,Gay,Becks,gbecksg6@ovh.net,Male,183.132.236.201
584,Celine,Casburn,ccasburng7@redcross.org,Female,6.217.94.231
585,Umberto,Prew,uprewg8@senate.gov,Male,160.191.219.15
586,Aeriell,Spedroni,aspedronig9@hatena.ne.jp,Female,157.172.49.226
587,Bobbe,Bentjens,bbentjensga@patch.com,Female,34.139.114.75
588,Thaddus,Upsale,tupsalegb@opera.com,Male,100.94.229.24
589,Tiffie,Vila,tvilagc@discovery.com,Female,59.153.58.146
590,Ernaline,Baldick,ebaldickgd@about.me,Female,238.107.56.98
591,Johnnie,Wernher,jwernherge@thetimes.co.uk,Male,84.67.105.67
592,Tristam,Branwhite,tbranwhitegf@1688.com,Male,177.10.13.3
593,Percival,Hinkens,phinkensgg@cyberchimps.com,Male,153.204.167.112
594,Katti,Griffen,kgriffengh@house.gov,Female,137.128.172.66
595,Robbert,Sally,rsallygi@stanford.edu,Male,172.181.89.186
596,Berky,Reichert,breichertgj@ucsd.edu,Male,241.204.250.139
597,Husain,Petrushkevich,hpetrushkevichgk@hostgator.com,Male,180.233.203.57
598,Clementina,Barbosa,cbarbosagl@virginia.edu,Female,147.175.193.147
599,Jourdain,Meffen,jmeffengm@dmoz.org,Male,123.173.13.226
600,Darby,O'Rourke,dorourkegn@webnode.com,Male,205.225.139.165
601,Kriste,Albertson,kalbertsongo@whitehouse.gov,Female,23.212.100.28
602,Bartram,Emburey,bembureygp@newyorker.com,Male,12.111.17.58
603,Dunc,Digby,ddigbygq@bravesites.com,Male,20.32.162.45
604,Lisette,Ostler,lostlergr@e-recht24.de,Female,246.18.102.95
605,Constanta,Semrad,csemradgs@amazon.com,Female,132.151.5.35
606,Esdras,Raith,eraithgt@virginia.edu,Male,112.66.227.19
607,Tabby,Cerman,tcermangu@ask.com,Male,6.51.135.57
608,Ainsley,Spelwood,aspelwoodgv@epa.gov,Female,9.78.98.124
609,Addia,Pittock,apittockgw@flickr.com,Female,215.104.31.8
610,Dodie,Shorto,dshortogx@google.co.uk,Female,109.40.96.244
611,Jemie,Stockoe,jstockoegy@w3.org,Female,46.84.135.252
612,Charil,Guidera,cguideragz@goo.ne.jp,Female,200.189.142.49
613,Niel,de Nore,ndenoreh0@buzzfeed.com,Male,221.157.251.151
614,Giorgia,Prys,gprysh1@shareasale.com,Female,147.217.252.239
615,Donetta,Avramovitz,davramovitzh2@shutterfly.com,Female,18.101.3.85
616,Silvano,Shafto,sshaftoh3@hhs.gov,Male,52.58.236.118
617,Norrie,Benion,nbenionh4@ifeng.com,Female,148.76.254.64
618,Ignazio,Wyett,iwyetth5@odnoklassniki.ru,Male,121.218.129.203
619,Charis,Turland,cturlandh6@example.com,Female,234.84.12.126
620,Marilyn,Ruffler,mrufflerh7@behance.net,Female,186.106.185.67
621,Madison,Hirtzmann,mhirtzmannh8@miibeian.gov.cn,Male,194.53.13.57
622,Reinhold,Bewshea,rbewsheah9@mail.ru,Male,222.93.112.204
623,Donaugh,Atyeo,datyeoha@twitter.com,Male,252.60.47.15
624,Erika,Jacklin,ejacklinhb@godaddy.com,Female,104.9.232.128
625,Donetta,Karpe,dkarpehc@yellowbook.com,Female,34.190.236.151
626,Wayland,Crone,wcronehd@github.com,Male,236.111.126.19
627,Aleece,Grayshan,agrayshanhe@google.pl,Female,74.78.139.227
628,Hortense,O'Scanlon,hoscanlonhf@marketwatch.com,Female,9.9.71.136
629,Lexie,Winchcomb,lwinchcombhg@npr.org,Female,25.153.109.160
630,Francine,Cantwell,fcantwellhh@foxnews.com,Female,29.169.21.143
631,Almeda,Redwood,aredwoodhi@miitbeian.gov.cn,Female,0.25.125.147
632,Halsy,Readhead,hreadheadhj@ameblo.jp,Male,19.18.239.42
633,Babita,Harberer,bharbererhk@jiathis.com,Female,204.52.184.64
634,Hi,Dungee,hdungeehl@google.nl,Male,171.176.40.17
635,Francklin,Booley,fbooleyhm@chron.com,Male,228.81.147.61
636,Thorndike,Simoes,tsimoeshn@phoca.cz,Male,49.65.53.238
637,Floyd,Mellon,fmellonho@51.la,Male,194.229.130.23
638,Sauveur,Jantet,sjantethp@yandex.ru,Male,180.80.180.240
639,Doreen,Cescon,dcesconhq@gnu.org,Female,211.32.78.131
640,Benoit,Calderbank,bcalderbankhr@homestead.com,Male,182.22.236.36
641,Kristy,Vyvyan,kvyvyanhs@guardian.co.uk,Female,215.17.217.126
642,Davina,Bamforth,dbamforthht@dell.com,Female,252.175.11.243
643,Lanni,Mackie,lmackiehu@wp.com,Female,137.22.47.64
644,Felicity,Kordova,fkordovahv@wisc.edu,Female,139.4.61.180
645,Camila,Ronisch,cronischhw@symantec.com,Female,38.49.150.187
646,Iorgo,Garvin,igarvinhx@youtube.com,Male,237.219.43.255
647,Langston,Redgrave,lredgravehy@ucla.edu,Male,121.108.252.227
648,Matt,Fretwell,mfretwellhz@paypal.com,Male,214.155.77.29
649,Jourdain,Oxx,joxxi0@nba.com,Male,242.214.19.166
650,Elsworth,Munden,emundeni1@go.com,Male,30.142.254.219
651,Lucretia,Corden,lcordeni2@hibu.com,Female,36.240.173.190
652,Willyt,Konertz,wkonertzi3@histats.com,Female,10.13.133.174
653,Haskell,Meron,hmeroni4@latimes.com,Male,123.224.114.42
654,Tim,Sergent,tsergenti5@dailymail.co.uk,Female,66.52.215.89
655,Alfred,Seman,asemani6@imageshack.us,Male,248.156.44.169
656,Amil,Buckel,abuckeli7@bigcartel.com,Female,131.83.38.83
657,Leandra,Pickles,lpicklesi8@economist.com,Female,26.75.112.147
658,Ebenezer,Cossentine,ecossentinei9@google.ru,Male,158.108.97.156
659,Phineas,Mayor,pmayoria@columbia.edu,Male,217.59.12.163
660,Micky,Ditt,mdittib@e-recht24.de,Male,59.142.27.17
661,Rita,Imlen,rimlenic@plala.or.jp,Female,11.99.27.48
662,Heida,Everwin,heverwinid@flavors.me,Female,170.110.35.36
663,Geneva,Cobain,gcobainie@weebly.com,Female,56.217.246.181
664,Ally,Van Dijk,avandijkif@theguardian.com,Female,52.62.129.226
665,Margarethe,Leggatt,mleggattig@people.com.cn,Female,1.137.143.168
666,Sibel,Keasley,skeasleyih@wikispaces.com,Female,194.80.215.221
667,Earle,Tillot,etillotii@alexa.com,Male,16.59.81.209
668,Nicol,Savidge,nsavidgeij@sciencedirect.com,Female,13.86.121.76
669,Merwin,Bazley,mbazleyik@google.co.uk,Male,163.86.130.28
670,Dulcia,Oubridge,doubridgeil@cargocollective.com,Female,159.244.176.131
671,Solly,Birkenshaw,sbirkenshawim@studiopress.com,Male,92.39.158.192
672,Alonzo,Sutcliff,asutcliffin@123-reg.co.uk,Male,124.89.251.103
673,Traver,Brotherhood,tbrotherhoodio@patch.com,Male,170.129.124.217
674,Rudy,Dunstan,rdunstanip@mac.com,Male,223.147.229.7
675,Delmar,Benezeit,dbenezeitiq@t-online.de,Male,104.70.221.231
676,Joanie,Issacson,jissacsonir@archive.org,Female,5.36.203.194
677,Emilia,Rozanski,erozanskiis@domainmarket.com,Female,177.159.247.60
678,Carolan,Calladine,ccalladineit@t-online.de,Female,19.255.136.222
679,Selena,Doumerc,sdoumerciu@msu.edu,Female,241.13.8.131
680,Jerald,Matzkaitis,jmatzkaitisiv@google.com.br,Male,53.90.45.139
681,Ralina,Wreiford,rwreifordiw@is.gd,Female,69.220.181.172
682,Bernadine,Menezes,bmenezesix@homestead.com,Female,243.61.41.101
683,Lee,Grimster,lgrimsteriy@disqus.com,Male,242.156.56.105
684,Cybil,Van Merwe,cvanmerweiz@webs.com,Female,217.63.246.107
685,Emery,Tomanek,etomanekj0@printfriendly.com,Male,180.150.105.35
686,Vittoria,Harbert,vharbertj1@printfriendly.com,Female,194.85.145.250
687,Jameson,Lawrinson,jlawrinsonj2@behance.net,Male,51.91.66.201
688,Grete,Atkin,gatkinj3@gnu.org,Female,161.115.170.90
689,Stuart,Schusterl,sschusterlj4@shareasale.com,Male,67.20.57.8
690,Benedicto,Rutty,bruttyj5@myspace.com,Male,244.199.189.137
691,Norrie,Thebes,nthebesj6@homestead.com,Male,238.34.79.61
692,Vanya,Colafate,vcolafatej7@macromedia.com,Male,139.10.158.10
693,Alonzo,Whillock,awhillockj8@ted.com,Male,169.197.94.173
694,Quincy,Snashall,qsnashallj9@bravesites.com,Male,36.191.158.227
695,Amelie,Thresher,athresherja@imgur.com,Female,35.118.23.104
696,Shoshanna,Orviss,sorvissjb@devhub.com,Female,140.223.68.236
697,Guilbert,Cordeiro,gcordeirojc@google.com.br,Male,219.140.129.247
698,Arnold,Wakenshaw,awakenshawjd@elegantthemes.com,Male,45.123.244.237
699,Lyn,Stratford,lstratfordje@theatlantic.com,Male,139.41.254.176
700,Idalia,Tidgewell,itidgewelljf@tinyurl.com,Female,233.171.49.11
701,Belicia,Lavalde,blavaldejg@ed.gov,Female,126.237.76.156
702,Ravid,Smogur,rsmogurjh@ftc.gov,Male,193.122.15.174
703,Ashlie,Esterbrook,aesterbrookji@dropbox.com,Female,174.238.51.157
704,Joeann,Carter,jcarterjj@timesonline.co.uk,Female,155.109.193.134
705,Llewellyn,Noen,lnoenjk@nba.com,Male,152.208.78.214
706,Conrade,Pickup,cpickupjl@a8.net,Male,41.156.206.14
707,Shannan,Leechman,sleechmanjm@seattletimes.com,Male,41.194.240.175
708,Darcey,Gooble,dgooblejn@privacy.gov.au,Female,100.129.75.76
709,Steffane,Cleveland,sclevelandjo@biglobe.ne.jp,Female,102.86.97.118
710,Paule,Fredy,pfredyjp@1688.com,Female,255.13.59.196
711,Boote,Taylour,btaylourjq@yellowpages.com,Male,47.148.161.154
712,Veronike,Riggulsford,vriggulsfordjr@ucoz.ru,Female,8.63.51.119
713,Casper,Fulford,cfulfordjs@facebook.com,Male,232.17.110.212
714,Car,Boynton,cboyntonjt@blinklist.com,Male,254.7.155.59
715,Coop,Abraham,cabrahamju@apple.com,Male,126.216.11.252
716,Helen-elizabeth,Taudevin,htaudevinjv@thetimes.co.uk,Female,10.40.45.235
717,Richmound,Asling,raslingjw@thetimes.co.uk,Male,129.49.238.133
718,Karla,Mesias,kmesiasjx@umich.edu,Female,124.30.214.26
719,Glendon,Cogley,gcogleyjy@delicious.com,Male,130.172.180.190
720,Griff,Fencott,gfencottjz@washingtonpost.com,Male,195.119.151.31
721,Suzanne,Karadzas,skaradzask0@rakuten.co.jp,Female,15.17.4.114
722,Merrile,Byrom,mbyromk1@51.la,Female,122.155.116.198
723,Loralie,Mico,lmicok2@jigsy.com,Female,209.89.81.23
724,Mickie,Doni,mdonik3@zimbio.com,Female,161.153.165.154
725,Oneida,Do,odok4@nationalgeographic.com,Female,81.163.200.33
726,Hewett,Yallop,hyallopk5@vk.com,Male,147.10.249.203
727,Gigi,Alyoshin,galyoshink6@youtu.be,Female,90.0.156.111
728,Gene,Humpatch,ghumpatchk7@hostgator.com,Male,149.160.84.63
729,Collin,Leatham,cleathamk8@scribd.com,Male,142.147.236.28
730,Dorrie,Sagrott,dsagrottk9@usnews.com,Female,142.106.229.22
731,Jemie,Bowen,jbowenka@woothemes.com,Female,213.61.37.108
732,Haley,Hollyard,hhollyardkb@nature.com,Male,150.8.103.123
733,Menard,Schollar,mschollarkc@feedburner.com,Male,235.25.50.90
734,Marina,Gatty,mgattykd@hibu.com,Female,245.109.106.21
735,Natale,Piercey,npierceyke@twitter.com,Male,160.223.9.22
736,Reggis,St Louis,rstlouiskf@ning.com,Male,201.153.235.96
737,Dorey,MacFall,dmacfallkg@java.com,Male,179.222.54.185
738,Virgil,Gaven,vgavenkh@wikipedia.org,Male,31.76.215.107
739,Bebe,Brawley,bbrawleyki@ehow.com,Female,235.227.184.92
740,Kalinda,Hucke,khuckekj@symantec.com,Female,118.6.63.161
741,Bertrando,Methven,bmethvenkk@ehow.com,Male,115.188.26.86
742,Lanette,Haddeston,lhaddestonkl@quantcast.com,Female,133.73.176.20
743,Lita,Kemet,lkemetkm@sakura.ne.jp,Female,80.214.195.210
744,Reade,Felipe,rfelipekn@princeton.edu,Male,90.246.49.162
745,Xena,Kenshole,xkensholeko@cisco.com,Female,171.158.150.104
746,Coraline,Joppich,cjoppichkp@rediff.com,Female,107.248.128.77
747,Ignace,Fawson,ifawsonkq@moonfruit.com,Male,86.236.23.153
748,Ross,Whitland,rwhitlandkr@over-blog.com,Male,129.155.54.29
749,Karena,Downham,kdownhamks@nba.com,Female,81.160.214.56
750,Sioux,Skim,sskimkt@tinyurl.com,Female,111.136.42.238
751,Shandie,Sheringham,ssheringhamku@t.co,Female,48.230.232.61
752,Chrysler,Delgadillo,cdelgadillokv@bloglovin.com,Female,222.114.119.76
753,Lammond,Coppen,lcoppenkw@irs.gov,Male,74.132.142.140
754,Shaw,Rihanek,srihanekkx@opera.com,Male,106.200.255.178
755,Florrie,Sturdgess,fsturdgessky@toplist.cz,Female,33.178.57.82
756,Cliff,Addekin,caddekinkz@sohu.com,Male,222.36.26.19
757,Crysta,Minichillo,cminichillol0@google.com.au,Female,179.180.146.239
758,Sasha,Ogan,soganl1@naver.com,Male,42.160.185.168
759,Sadie,Gopsell,sgopselll2@github.com,Female,221.13.73.152
760,Rey,Corkan,rcorkanl3@redcross.org,Female,110.76.77.185
761,Ingaberg,Eveque,ievequel4@homestead.com,Female,129.114.54.98
762,Phillie,Lille,plillel5@live.com,Female,189.63.15.139
763,Millard,Eich,meichl6@yellowpages.com,Male,249.79.124.21
764,Ware,Cranna,wcrannal7@netlog.com,Male,229.48.73.66
765,Sam,Brignall,sbrignalll8@mail.ru,Male,236.175.28.156
766,Andres,Rupp,aruppl9@pagesperso-orange.fr,Male,65.221.243.111
767,Farah,Anshell,fanshellla@nymag.com,Female,202.177.94.55
768,Jodi,More,jmorelb@google.cn,Male,22.47.35.240
769,Jermayne,Cowdrey,jcowdreylc@cbslocal.com,Male,125.28.19.98
770,Kasey,Palmer,kpalmerld@arstechnica.com,Female,118.44.94.94
771,Emmalyn,Conner,econnerle@howstuffworks.com,Female,31.157.81.147
772,Kennith,Kettlesting,kkettlestinglf@csmonitor.com,Male,175.236.249.80
773,Ketti,Ellph,kellphlg@hhs.gov,Female,95.31.245.102
774,Jozef,Karleman,jkarlemanlh@dot.gov,Male,222.155.87.212
775,Burr,Akrigg,bakriggli@accuweather.com,Male,252.238.188.156
776,Harman,Weiner,hweinerlj@lycos.com,Male,40.134.123.90
777,Merwyn,Gartshore,mgartshorelk@artisteer.com,Male,96.106.232.197
778,Nelia,Fielders,nfieldersll@parallels.com,Female,175.121.181.151
779,Roselin,Kauffman,rkauffmanlm@usgs.gov,Female,172.242.197.95
780,Bartolomeo,Ferfulle,bferfulleln@youtube.com,Male,143.2.45.82
781,Gerianna,Oddie,goddielo@cmu.edu,Female,63.54.48.58
782,Jorge,Jeacocke,jjeacockelp@cnet.com,Male,28.95.99.142
783,Alano,Hardeman,ahardemanlq@scribd.com,Male,64.158.7.13
784,Kikelia,Witter,kwitterlr@desdev.cn,Female,97.201.230.144
785,Tad,Shailer,tshailerls@netvibes.com,Male,50.157.183.138
786,Cornelle,Fermer,cfermerlt@rambler.ru,Female,152.6.236.222
787,Huntington,Ishaki,hishakilu@sun.com,Male,153.30.179.254
788,Sollie,Ewins,sewinslv@princeton.edu,Male,98.217.26.14
789,Benedicta,Doonican,bdoonicanlw@deviantart.com,Female,118.247.148.100
790,Karisa,Filpo,kfilpolx@tmall.com,Female,244.23.105.179
791,Laurene,Innocent,linnocently@loc.gov,Female,56.121.109.150
792,Levey,Boys,lboyslz@howstuffworks.com,Male,156.228.89.214
793,Frederich,Fielders,ffieldersm0@gravatar.com,Male,170.224.222.145
794,Carling,Hollidge,chollidgem1@icio.us,Male,214.201.230.235
795,Margarete,Ilyenko,milyenkom2@apple.com,Female,184.190.77.117
796,Nealon,McQuillin,nmcquillinm3@hhs.gov,Male,114.186.200.162
797,Garrek,Simla,gsimlam4@seesaa.net,Male,248.156.200.45
798,Antonietta,Setter,asetterm5@flavors.me,Female,192.70.243.237
799,Anabal,Bilam,abilamm6@si.edu,Female,55.88.85.246
800,Yoshi,Annes,yannesm7@admin.ch,Female,225.51.225.97
801,Riley,Trask,rtraskm8@squarespace.com,Male,60.13.93.81
802,Lissie,Tummond,ltummondm9@rakuten.co.jp,Female,147.169.115.193
803,Brendan,Binstead,bbinsteadma@google.ru,Male,33.154.79.33
804,Jarret,Wilsee,jwilseemb@imdb.com,Male,64.2.182.68
805,Cindie,Fearey,cfeareymc@redcross.org,Female,10.16.124.103
806,Mathias,Abraham,mabrahammd@adobe.com,Male,215.145.146.178
807,Fredrika,Gallaway,fgallawayme@nbcnews.com,Female,222.123.150.183
808,Stanly,Woolatt,swoolattmf@hc360.com,Male,50.99.69.201
809,Laurie,Phillcock,lphillcockmg@ted.com,Male,119.119.131.140
810,Kipp,Ridgway,kridgwaymh@etsy.com,Female,44.231.87.13
811,Freddy,Abdon,fabdonmi@xing.com,Male,229.252.97.165
812,Dorey,Culshew,dculshewmj@drupal.org,Male,245.125.173.135
813,Agace,Sunners,asunnersmk@ustream.tv,Female,199.236.110.172
814,Trstram,Nappin,tnappinml@bbb.org,Male,28.82.13.182
815,Juliana,Baukham,jbaukhammm@ftc.gov,Female,111.134.206.3
816,Obed,Newband,onewbandmn@nymag.com,Male,49.127.40.49
817,Christopher,Punter,cpuntermo@europa.eu,Male,109.214.105.28
818,Gunilla,Raynham,graynhammp@360.cn,Female,153.21.73.179
819,Wye,Fraser,wfrasermq@vinaora.com,Male,121.163.90.70
820,Hasty,Stennes,hstennesmr@flickr.com,Male,204.116.162.92
821,Tynan,Dalbey,tdalbeyms@telegraph.co.uk,Male,55.67.33.172
822,Lilah,Haslock,lhaslockmt@cpanel.net,Female,237.61.15.237
823,Franny,Casale,fcasalemu@va.gov,Female,157.66.162.213
824,Darsey,Danilyuk,ddanilyukmv@creativecommons.org,Female,225.173.98.84
825,Shanie,Alten,saltenmw@reference.com,Female,180.109.54.220
826,Stella,Danskine,sdanskinemx@chronoengine.com,Female,132.219.105.160
827,Dorri,Seatter,dseattermy@tinyurl.com,Female,195.244.237.111
828,Carina,Thrustle,cthrustlemz@mozilla.com,Female,5.222.244.219
829,Kerk,Erdely,kerdelyn0@simplemachines.org,Male,128.241.2.209
830,Garland,Guiraud,gguiraudn1@dion.ne.jp,Female,246.132.242.48
831,Hamid,Lile,hlilen2@businesswire.com,Male,243.33.199.221
832,Preston,Andrysiak,pandrysiakn3@cpanel.net,Male,15.205.103.51
833,Maurizio,Lozano,mlozanon4@bizjournals.com,Male,167.252.131.61
834,Desdemona,Servis,dservisn5@sciencedaily.com,Female,213.46.30.207
835,Millie,De Bruijne,mdebruijnen6@barnesandnoble.com,Female,242.163.38.26
836,Gregg,Shearme,gshearmen7@cpanel.net,Male,159.96.212.118
837,Hetty,Rogeron,hrogeronn8@java.com,Female,84.146.235.129
838,Michele,Grigoli,mgrigolin9@jalbum.net,Female,74.250.225.173
839,Helyn,Sibbit,hsibbitna@umich.edu,Female,208.209.31.85
840,Odie,Withrop,owithropnb@istockphoto.com,Male,224.146.191.216
841,Roseann,Addison,raddisonnc@vk.com,Female,21.221.222.227
842,Ebony,Spelwood,espelwoodnd@techcrunch.com,Female,135.149.129.11
843,Doll,Hankey,dhankeyne@dropbox.com,Female,144.103.253.35
844,Willyt,Sliney,wslineynf@vk.com,Female,16.208.93.116
845,Aurlie,Bedlington,abedlingtonng@typepad.com,Female,227.190.194.21
846,Gay,Benns,gbennsnh@google.es,Male,112.207.251.105
847,Dale,Simeon,dsimeonni@examiner.com,Male,187.53.163.170
848,Nolan,Avrahamy,navrahamynj@miitbeian.gov.cn,Male,201.19.234.90
849,Margareta,Granger,mgrangernk@utexas.edu,Female,82.217.184.198
850,Yorgo,Wapplington,ywapplingtonnl@google.co.jp,Male,134.121.137.155
851,Isis,Bynert,ibynertnm@fastcompany.com,Female,56.129.204.213
852,Johanna,Orcas,jorcasnn@walmart.com,Female,42.162.63.100
853,Ronica,Maddrell,rmaddrellno@hc360.com,Female,117.119.19.161
854,Rafi,Vere,rverenp@ow.ly,Male,120.106.157.124
855,Raimund,Ambrose,rambrosenq@bing.com,Male,25.23.99.222
856,Rob,Trevarthen,rtrevarthennr@imageshack.us,Male,30.41.74.79
857,Dru,Faley,dfaleyns@printfriendly.com,Male,66.226.111.252
858,Annmaria,Bliben,ablibennt@ocn.ne.jp,Female,80.7.208.233
859,Elna,Goggen,egoggennu@quantcast.com,Female,162.206.40.111
860,Even,Domingues,edominguesnv@earthlink.net,Male,10.81.216.95
861,Marguerite,Dinnies,mdinniesnw@go.com,Female,78.109.51.108
862,Dill,Bilam,dbilamnx@jugem.jp,Male,11.2.22.2
863,Zsa zsa,McRobert,zmcrobertny@stanford.edu,Female,172.3.0.116
864,Benedikta,Francklin,bfrancklinnz@shareasale.com,Female,192.84.71.134
865,Doralynne,Proudley,dproudleyo0@sphinn.com,Female,48.166.235.143
866,Lorenzo,Dible,ldibleo1@reuters.com,Male,124.156.222.144
867,Finn,Gouldthorp,fgouldthorpo2@dropbox.com,Male,6.160.209.72
868,Linnea,Zeale,lzealeo3@desdev.cn,Female,230.91.109.21
869,Kassie,Joice,kjoiceo4@jalbum.net,Female,220.88.66.94
870,Rabi,Meagher,rmeaghero5@microsoft.com,Male,30.121.117.201
871,Diane,Margrett,dmargretto6@ycombinator.com,Female,188.192.224.0
872,Luce,Farebrother,lfarebrothero7@hostgator.com,Male,194.26.65.95
873,Ema,Fox,efoxo8@blog.com,Female,61.16.224.238
874,Boone,Pren,bpreno9@storify.com,Male,27.61.42.42
875,Augustine,Clements,aclementsoa@freewebs.com,Female,37.180.117.104
876,Jonie,Wadley,jwadleyob@loc.gov,Female,66.3.240.211
877,Ree,Feria,rferiaoc@about.me,Female,20.152.249.88
878,Fairfax,Tyrrell,ftyrrellod@patch.com,Male,28.180.164.196
879,Perla,Bodimeade,pbodimeadeoe@ox.ac.uk,Female,226.235.253.157
880,Jay,Caldecot,jcaldecotof@si.edu,Male,12.102.172.152
881,Frayda,Trusty,ftrustyog@trellian.com,Female,149.101.76.244
882,Mamie,Croxley,mcroxleyoh@columbia.edu,Female,130.118.75.132
883,Georgi,Wren,gwrenoi@biglobe.ne.jp,Male,31.240.249.56
884,Godwin,Insoll,ginsolloj@nymag.com,Male,61.106.24.252
885,Amabel,Godber,agodberok@hao123.com,Female,69.115.212.107
886,Elaine,Rodson,erodsonol@state.gov,Female,90.44.40.77
887,Gussie,Grzes,ggrzesom@redcross.org,Female,39.1.87.24
888,Vivianna,Grimmert,vgrimmerton@wikispaces.com,Female,6.99.154.35
889,Prent,Rannald,prannaldoo@topsy.com,Male,252.248.100.193
890,Wendie,Burdoun,wburdounop@cafepress.com,Female,230.139.138.66
891,Merci,Losebie,mlosebieoq@ask.com,Female,126.243.9.21
892,Mallory,Siemantel,msiemantelor@illinois.edu,Female,56.45.184.205
893,Broddy,Gouley,bgouleyos@mozilla.org,Male,15.139.147.200
894,Harper,Lackham,hlackhamot@wiley.com,Male,6.145.63.150
895,Hetty,Leathley,hleathleyou@theatlantic.com,Female,85.71.86.162
896,Andre,Proby,aprobyov@w3.org,Male,92.90.195.92
897,Ailene,Bruggen,abruggenow@mtv.com,Female,207.240.17.100
898,Elnar,Whiterod,ewhiterodox@photobucket.com,Male,119.123.184.107
899,Ruttger,Valencia,rvalenciaoy@linkedin.com,Male,154.134.149.172
900,Josh,Middleditch,jmiddleditchoz@usda.gov,Male,240.84.133.87
901,Orville,Manus,omanusp0@addtoany.com,Male,37.91.218.220
902,Sean,Prangle,spranglep1@wikipedia.org,Male,151.46.139.64
903,Murvyn,Wyburn,mwyburnp2@w3.org,Male,178.223.69.107
904,Lorrie,Edkins,ledkinsp3@livejournal.com,Male,212.157.92.239
905,Vera,Inston,vinstonp4@ed.gov,Female,145.149.21.97
906,Di,Torrese,dtorresep5@jimdo.com,Female,106.179.100.208
907,Bald,Klein,bkleinp6@dmoz.org,Male,178.162.134.23
908,Alia,Stranieri,astranierip7@parallels.com,Female,43.117.15.182
909,Chrisse,Varley,cvarleyp8@cdc.gov,Male,63.209.57.19
910,Darill,Hugill,dhugillp9@1688.com,Male,159.224.174.196
911,Cristian,Codd,ccoddpa@zimbio.com,Male,70.240.13.250
912,Thaine,Cocks,tcockspb@1688.com,Male,110.225.49.202
913,Pippy,McClancy,pmcclancypc@google.com.hk,Female,30.126.220.18
914,Marvin,Dudbridge,mdudbridgepd@photobucket.com,Male,120.113.154.164
915,Nadeen,Livsey,nlivseype@amazon.de,Female,13.11.239.105
916,Basile,Bonsul,bbonsulpf@bloomberg.com,Male,188.102.100.131
917,Ignacius,Nesby,inesbypg@bluehost.com,Male,80.12.131.223
918,Karita,Brickdale,kbrickdaleph@moonfruit.com,Female,44.248.50.229
919,Rosabella,Oag,roagpi@berkeley.edu,Female,189.192.250.240
920,Abie,Downer,adownerpj@flickr.com,Male,127.55.233.220
921,Flo,Roisen,froisenpk@dyndns.org,Female,86.7.106.69
922,Fraze,Gale,fgalepl@businessinsider.com,Male,54.70.80.113
923,Valenka,Davydkov,vdavydkovpm@bizjournals.com,Female,213.225.14.3
924,Mendel,Dufer,mduferpn@sohu.com,Male,134.48.226.247
925,Ulric,Daldan,udaldanpo@baidu.com,Male,64.217.237.215
926,Nicolas,MacArd,nmacardpp@ow.ly,Male,56.169.162.78
927,Veriee,Piele,vpielepq@home.pl,Female,158.92.63.104
928,Neill,Dagwell,ndagwellpr@digg.com,Male,36.227.23.147
929,Hermina,Toffano,htoffanops@microsoft.com,Female,84.198.169.77
930,Pincus,Ballendine,pballendinept@ft.com,Male,181.24.189.12
931,Chen,Murty,cmurtypu@disqus.com,Male,97.187.40.46
932,Tori,Wadlow,twadlowpv@purevolume.com,Female,189.128.89.109
933,Malissa,Colam,mcolampw@marketwatch.com,Female,154.46.27.149
934,Jeanna,Brasener,jbrasenerpx@rediff.com,Female,176.17.100.115
935,Gordy,Meadmore,gmeadmorepy@wordpress.com,Male,83.11.237.241
936,Frederich,Tegeller,ftegellerpz@state.gov,Male,26.65.20.238
937,Elnore,Presslee,epressleeq0@alexa.com,Female,39.214.46.149
938,Ragnar,Clench,rclenchq1@example.com,Male,251.235.235.194
939,Che,Curd,ccurdq2@amazon.de,Male,221.19.64.194
940,Evvy,Harly,eharlyq3@sun.com,Female,38.115.70.119
941,Armstrong,Miners,aminersq4@gov.uk,Male,207.9.33.57
942,Heall,Alway,halwayq5@discovery.com,Male,119.77.31.150
943,Talbot,Royle,troyleq6@blogger.com,Male,190.31.223.145
944,Cayla,Bestman,cbestmanq7@dropbox.com,Female,232.126.78.49
945,Davis,Obington,dobingtonq8@wikimedia.org,Male,147.200.99.74
946,Noe,Gittus,ngittusq9@ebay.co.uk,Male,233.213.209.37
947,Florinda,Guisler,fguislerqa@cbc.ca,Female,161.91.143.60
948,Nerissa,Ornells,nornellsqb@cmu.edu,Female,207.52.53.130
949,Carey,Brissenden,cbrissendenqc@soundcloud.com,Male,251.190.14.168
950,Belle,Witchell,bwitchellqd@buzzfeed.com,Female,36.234.106.39
951,Allyn,Center,acenterqe@1und1.de,Male,154.78.249.74
952,Robinett,Van der Brugge,rvanderbruggeqf@pagesperso-orange.fr,Female,5.13.117.143
953,Axel,Bartolommeo,abartolommeoqg@usatoday.com,Male,36.72.251.233
954,Orel,Banfield,obanfieldqh@dot.gov,Female,113.142.60.212
955,Gage,Jobson,gjobsonqi@dropbox.com,Male,130.36.178.35
956,Tony,Reeme,treemeqj@themeforest.net,Male,138.141.42.11
957,Nichol,Jentges,njentgesqk@networkadvertising.org,Female,242.8.217.58
958,Zak,Treleaven,ztreleavenql@jiathis.com,Male,224.204.177.132
959,Deeanne,Scurrah,dscurrahqm@accuweather.com,Female,92.175.94.39
960,Maddalena,Nanuccioi,mnanuccioiqn@behance.net,Female,221.214.119.59
961,Rania,Gainsboro,rgainsboroqo@ebay.com,Female,182.195.232.85
962,Livy,Risebrow,lrisebrowqp@over-blog.com,Female,147.78.239.81
963,Marketa,Wilsey,mwilseyqq@dot.gov,Female,34.201.101.45
964,Geoff,Fairhead,gfairheadqr@freewebs.com,Male,120.108.199.208
965,Alejandrina,Haith,ahaithqs@bbc.co.uk,Female,255.0.110.237
966,Oberon,Aylmore,oaylmoreqt@weather.com,Male,36.4.57.23
967,Cristal,Pleace,cpleacequ@army.mil,Female,77.204.14.216
968,Marcella,Marcombe,mmarcombeqv@fotki.com,Female,115.53.19.201
969,Dedra,Sineath,dsineathqw@deviantart.com,Female,223.11.213.136
970,Dniren,Finneran,dfinneranqx@cnet.com,Female,243.252.23.107
971,Ivan,Casine,icasineqy@privacy.gov.au,Male,118.168.36.82
972,Brendon,Smissen,bsmissenqz@hp.com,Male,132.223.207.154
973,Rosalynd,Weall,rweallr0@cyberchimps.com,Female,60.81.231.5
974,Christyna,Cowpland,ccowplandr1@wix.com,Female,243.226.192.182
975,Leontyne,Lycett,llycettr2@latimes.com,Female,189.163.234.247
976,Paquito,O'Brian,pobrianr3@printfriendly.com,Male,175.152.23.43
977,Ileane,Tottem,itottemr4@blogger.com,Female,0.10.86.201
978,Verge,Gealle,vgealler5@eventbrite.com,Male,14.214.104.54
979,Trixi,Targett,ttargettr6@sbwire.com,Female,164.234.163.82
980,Judd,Meeke,jmeeker7@shareasale.com,Male,119.136.66.201
981,Kristo,Warbrick,kwarbrickr8@tinypic.com,Male,62.158.141.252
982,Vinson,Convery,vconveryr9@hexun.com,Male,96.189.218.215
983,Saloma,Traite,straitera@sbwire.com,Female,90.78.9.175
984,Conny,Fairhead,cfairheadrb@techcrunch.com,Female,24.24.65.37
985,Karen,Dunne,kdunnerc@furl.net,Female,232.85.136.125
986,Annadiana,Coldrick,acoldrickrd@printfriendly.com,Female,11.145.61.216
987,Gaspar,Vittori,gvittorire@foxnews.com,Male,144.196.181.134
988,Stoddard,Rallings,srallingsrf@blogtalkradio.com,Female,132.238.123.45
989,Nevin,Wattins,nwattinsrg@artisteer.com,Male,200.16.182.196
990,Kipp,Crimp,kcrimprh@shinystat.com,Male,143.7.153.216
991,Dominic,Derycot,dderycotri@woothemes.com,Male,52.22.20.159
992,Hayyim,Scotson,hscotsonrj@arstechnica.com,Male,74.107.191.51
993,Bank,Rosander,brosanderrk@newsvine.com,Male,244.174.101.55
994,Marrilee,Scholig,mscholigrl@soup.io,Female,173.166.85.189
995,Carter,Wigglesworth,cwigglesworthrm@home.pl,Male,91.95.17.177
996,Winnah,Delhay,wdelhayrn@cnet.com,Female,162.116.39.114
997,Nixie,Dunmore,ndunmorero@mozilla.com,Female,104.73.8.13
998,Devon,Blazy,dblazyrp@nasa.gov,Female,207.180.89.100
999,Florella,Mont,fmontrq@gnu.org,Female,75.70.95.81
1000,Berky,Blabey,bblabeyrr@japanpost.jp,Male,8.190.195.227
